{
  "us-east-1": {
    "name": "US East (N. Virginia)",
    "continentM49": 19,
    "regionM49": 21,
    "countryM49": 840,
    "countryA2": "US",
    "placement": "east",
    "subRegion": "Virginia",
    "latitude": 37.6000,
    "longitude": -78.6000
  },
  "us-east-2": {
    "name": "US East (Ohio)",
    "continentM49": 19,
    "regionM49": 21,
    "countryM49": 840,
    "countryA2": "US",
    "placement": "east",
    "subRegion": "Ohio",
    "latitude": 40.2000,
    "longitude": -82.6000
  },
  "us-west-1": {
    "name": "US West (N. California)",
    "continentM49": 19,
    "regionM49": 21,
    "countryM49": 840,
    "countryA2": "US",
    "placement": "west",
    "subRegion": "California",
    "latitude": 37.9000,
    "longitude": -120.7000
  },
  "us-west-2": {
    "name": "US West (Oregon)",
    "continentM49": 19,
    "regionM49": 21,
    "countryM49": 840,
    "countryA2": "US",
    "placement": "west",
    "subRegion": "Oregon",
    "latitude": 45.2000,
    "longitude": -122.7000
  },
  "ca-central-1": {
    "name": "Canada (Central)",
    "continentM49": 19,
    "regionM49": 21,
    "countryM49": 124,
    "countryA2": "CA",
    "placement": "central",
    "latitude": 43.6000,
    "longitude": -79.3000
  },
  "cn-northwest-1": {
    "name": "China (Ningxia)",
    "continentM49": 142,
    "regionM49": 30,
    "countryM49": 156,
    "countryA2": "CN",
    "placement": "north",
    "subRegion": "Ningxia",
    "latitude": 35.9000,
    "longitude": 106.2000
  },
  "cn-north-1": {
    "name": "China (Beijing)",
    "continentM49": 142,
    "regionM49": 30,
    "countryM49": 156,
    "countryA2": "CN",
    "placement": "northeast",
    "subRegion": "Beijing",
    "latitude": 39.9000,
    "longitude": 116.3000
  },
  "eu-central-1": {
    "name": "EU (Frankfurt)",
    "continentM49": 150,
    "regionM49": 155,
    "countryM49": 276,
    "countryA2": "DE",
    "subRegion": "Frankfurt",
    "latitude": 50.1000,
    "longitude": 8.6000
  },
  "eu-west-1": {
    "name": "EU (Ireland)",
    "continentM49": 150,
    "regionM49": 154,
    "countryM49": 372,
    "countryA2": "IE",
    "latitude": 53.3000,
    "longitude": -6.2000
  },
  "eu-west-2": {
    "name": "EU (London)",
    "continentM49": 150,
    "regionM49": 155,
    "countryM49": 826,
    "countryA2": "GB",
    "placement": "south",
    "subRegion": "London",
    "latitude": 50.9000,
    "longitude": -0.7000
  },
  "eu-west-3": {
    "name": "EU (Paris)",
    "continentM49": 150,
    "regionM49": 155,
    "countryM49": 250,
    "countryA2": "FR",
    "subRegion": "Paris",
    "latitude": 48.7000,
    "longitude": 2.2000
  },
  "ap-northeast-1": {
    "name": "Asia Pacific (Tokyo)",
    "continentM49": 142,
    "regionM49": 30,
    "countryM49": 392,
    "countryA2": "JP",
    "placement": "east",
    "subRegion": "Tokyo",
    "latitude": 35.6000,
    "longitude": 139.7000
  },
  "ap-northeast-2": {
    "name": "Asia Pacific (Seoul)",
    "continentM49": 142,
    "regionM49": 30,
    "countryM49": 410,
    "countryA2": "KR",
    "subRegion": "Seoul",
    "latitude": 37.5000,
    "longitude": 126.9000
  },
  "ap-northeast-3": {
    "name": "Asia Pacific (Osaka-Local)",
    "continentM49": 142,
    "regionM49": 30,
    "countryM49": 392,
    "countryA2": "JP",
    "placement": "central",
    "subRegion": "Osaka",
    "latitude": 34.6000,
    "longitude": 135.50000
  },
  "ap-southeast-1": {
    "name": "Asia Pacific (Singapore)",
    "continentM49": 142,
    "regionM49": 35,
    "countryM49": 702,
    "countryA2": "SG",
    "latitude": 1.2000,
    "longitude": 103.8000
  },
  "ap-southeast-2": {
    "name": "Asia Pacific (Sydney)",
    "continentM49": 9,
    "regionM49": 53,
    "countryM49": 36,
    "countryA2": "AU",
    "subRegion": "Sydney",
    "latitude": -33.8000,
    "longitude": 151.2000
  },
  "ap-south-1": {
    "name": "Asia Pacific (Mumbai)",
    "continentM49": 142,
    "regionM49": 34,
    "countryM49": 356,
    "countryA2": "IN",
    "placement": "west",
    "subRegion": "Mumbai",
    "latitude": 19.0000,
    "longitude": 72.8000
  },
  "sa-east-1": {
    "name": "South America (São Paulo)",
    "continentM49": 19,
    "regionM49": 5,
    "countryM49": 76,
    "countryA2": "BR",
    "placement": "south",
    "subRegion": "São Paulo",
    "latitude": -23.5000,
    "longitude": -46.6000
  },
  "us-gov-west-1": {
    "name": "US Gov West 1",
    "continentM49": 19,
    "regionM49": 21,
    "countryM49": 840,
    "countryA2": "US",
    "placement": "west",
    "latitude": 36.8000,
    "longitude": -121.1000
  },
  "eu-north-1": {
    "name": "EU (Stockholm)",
    "continentM49": 150,
    "regionM49": 154,
    "countryM49": 752,
    "countryA2": "SE",
    "placement": "north",
    "latitude": 59.3293,
    "longitude": 18.0686
  },
  "af-south-1": {
    "name": "Africa (Cape Town)",
    "continentM49": 2,
    "regionM49": 18,
    "countryM49": 710,
    "countryA2": "ZA",
    "placement": "south",
    "latitude": -33.9142688,
    "longitude": 18.0956097
  },
  "ap-east-1": {
    "name": "Asia Pacific (Hong Kong)",
    "continentM49": 142,
    "regionM49": 30,
    "countryM49": 344,
    "countryA2": "HK",
    "placement": "east",
    "latitude": 22.3524825,
    "longitude": 113.8475072
  },
  "eu-south-1": {
    "name": "Europe (Milan)",
    "continentM49": 150,
    "regionM49": 39,
    "countryM49": 380,
    "countryA2": "IT",
    "placement": "south",
    "latitude": 45.4627124,
    "longitude": 9.107693
  }
}